LABEL-1,LABEL-2,LABEL-3,LABEL-4,LABEL-5,site
(주)밸류포인트,판촉물제작,서울 강서구 화곡로64길 98,지번서울 강서구 등촌1동 653번지 5호,02-511-2612,http://www.valuepoint.co.kr
아이기프트몰,판촉물제작,서울 강서구 공항대로65길 26,지번서울 강서구 염창동 275번지 8호,02-835-2348,http://www.igiftmall.net
(주)영진코스텐,판촉물제작,서울 강서구 등촌로13바길 9,지번서울 강서구 화곡4동 815번지 18호,02-2606-4007,http://yjgift.co.kr
필트레이드,판촉물제작,서울 강서구 국회대로7길 83-1,지번서울 강서구 화곡2동 853번지 8호,02-2644-2935,https://okfeel.co.kr
샬롬기프트,판촉물제작,서울 양천구 목동중앙서로7길 21,지번서울 양천구 목동 789번지 18호,02-843-5867,http://shalomgift.co.kr
네스트컴퍼니,판촉물제작,서울 구로구 고척로16길 48-20,지번서울 구로구 오류1동 27번지 94호,02-2617-8067,http://nestco.kr/
모닝기프트,판촉물제작,서울 마포구 성암로11길 9,지번서울 마포구 중동 81번지 24호,070-4742-4499,http://www.skygift1.com
클린산업,판촉물제작,서울 은평구 역말로 131,지번서울 은평구 대조동 172번지 1호,02-388-3755,http://www.cleanindustry.co.kr
윈윈애드,판촉물제작,서울 양천구 목동남로4길 6-23,지번서울 양천구 신정7동 337번지,070-7808-7075,http://noman95.cafe24.com
꿈꾸는나무,판촉물제작,서울 마포구 모래내로7길 12,지번서울 마포구 성산동 133번지 7호,02-373-2008,http://www.dreamtree87.com
기프트서비스,판촉물제작,서울 마포구 성지길 36-20,지번서울 마포구 합정동 375번지 18호,02-312-6083,http://www.giftsvc.co.kr/main
가온팩토리,판촉물제작,서울 영등포구 영등포로30길 20,지번서울 영등포구 문래동3가 31번지 2호,02-2661-0707,http://www.giftgaon.com
(주)공방상상,판촉물제작,지번서울 서대문구 홍은동 454번지,,02-394-4970,http://ok815.co.kr
(주)카멜,판촉물제작,서울 금천구 가산디지털1로 83,지번서울 금천구 가산동 345번지 13호,02-592-4493,http://www.camelcorp.co.kr
싸다판촉물,판촉물제작,서울 구로구 디지털로32길 30,지번서울 구로구 구로동 222번지 7호,02-6080-0755,http://www.ssadagift.com
(주)나비스토리,판촉물제작,서울 금천구 가산디지털1로 70,지번서울 금천구 가산동 319번지,070-7178-3100,http://www.365event.co.kr
팍스기프트,판촉물제작,지번서울 금천구 가산동 234번지 27호,,02-867-2966,http://paxgift.kr
(주)아트사인,판촉물제작,서울 금천구 범안로 1138,지번서울 금천구 가산동 715번지,02-862-8811,http://www.artsign.co.kr
(주)스콥,판촉물제작,서울 종로구 새문안로5가길 28,지번서울 종로구 적선동 156번지,070-4906-7817,https://www.scope.co.kr
(주)행복이꽃피는나무,판촉물제작,서울 관악구 신림로59길 23,지번서울 관악구 신림동 1638번지 32호,02-871-0368,http://happinessft.com
(사단)한국국립공원협회,판촉물제작,서울 성북구 보국문로 215,지번서울 성북구 정릉4동 829번지,02-992-0576,http://knpsob.org
송월타월관악대리점(우리안상사),판촉물제작,서울 관악구 은천로2길 35,지번서울 관악구 봉천동 951번지 10호,02-888-7101,https://songwol.co.kr
오피스넥스용산점,판촉물제작,서울 용산구 한강대로40길 33,지번서울 용산구 한강로2가 74번지 2호,02-749-0877,http://www.ysnexgift.com
티-스토리,판촉물제작,서울 종로구 돈화문로 5-2,지번서울 종로구 관수동 85번지,02-2275-4591,https://www.tistory.com
(주)현대아트컴,판촉물제작,서울 중구 을지로 114-10,지번서울 중구 을지로3가 326번지,02-3708-7500,http://www.hdac.co.kr
현진광고,판촉물제작,지번서울 중구 충무로2가 50번지 2호,,02-2274-5070,http://www.hjpnp.com
광천산업,판촉물제작,서울 중구 을지로15길 16-6,지번서울 중구 을지로3가 215번지,02-2272-5480,https://gwang-cheon.com
노벨디앤피(주),판촉물제작,서울 중구 퇴계로30길 24,지번서울 중구 예장동 9번지,02-2268-8854,http://www.nobeldnp.co.kr
우리광고기획,판촉물제작,서울 중구 퇴계로 187,지번서울 중구 필동1가 39번지 1호,070-7711-0559,http://www.adwoori.co.kr
(사단)한국판촉물제조협회,협회단체,서울 중구 퇴계로 210-6,지번서울 중구 필동2가 15번지 8호,02-2269-4747,https://ikgi.com
누리기획,판촉물제작,서울 금천구 탑골로4길 67,지번서울 금천구 시흥동 268번지 10호,070-4201-2343,https://www.nuriad.co.kr
탑팩(TOPPACK),판촉물제작,서울 중구 을지로27길 38,지번서울 중구 주교동 64번지,02-2274-7552,http://www.toppackage.co.kr
(주)위인크,판촉물제작,서울 강남구 테헤란로108길 25,지번서울 강남구 대치동 999번지 6호,02-3452-1540,http://we1.co.kr
다드림기프트,판촉물제작,서울 광진구 뚝섬로52라길 54,지번서울 광진구 자양2동 646번지 4호,010-9347-3438,http://www.ddrgift.com
아이피알애드,판촉물제작,서울 송파구 석촌호수로 78,지번서울 송파구 잠실본동 208번지 7호,02-418-2080,http://iprad.co.kr
유니맥에스엔에스,판촉물제작,서울 중구 창경궁로 40-6,지번서울 중구 예관동 6번지 1호,02-713-5951,http://114.200.198.150/shop/index.php?ShopName=psm9309
이삭애드,판촉물제작,서울 중구 퇴계로44길 11,지번서울 중구 필동3가 15번지,02-2272-7210,http://www.isaacad.com
가야기프트판촉물백화점,우산/양산도매,서울 중구 마른내로 105,지번서울 중구 오장동 69번지 7호,070-7714-6903,http://www.gygift.co.kr
종로유림카렌다,판촉물제작,서울 종로구 종로 222,지번서울 종로구 종로5가 182번지 3호,02-2266-2948,https://yurimcalendar.modoo.at
코리아한지공예,판촉물제작,서울 중구 동호로 384,지번서울 중구 방산동 4번지 10호,02-2253-8787,https://koreapaperart2020.modoo.at
지인기프트,판촉물제작,서울 중구 퇴계로51길 20,지번서울 중구 오장동 206번지 3호,02-2277-2957,http://www.jeeingiftstore.co.kr
유한기획사진기념품,판촉물제작,서울 종로구 종로54길 26-4,지번서울 종로구 창신1동 390번지 19호,02-764-9800,http://www.yoohan.co.kr
(주)하이어댄,판촉물제작,서울 성북구 보문로13가길 7-3,지번서울 성북구 보문동7가 70번지 1호,02-766-0660,http://higherthan.co.kr
고려기프트,판촉물제작,서울 도봉구 도봉로191가길 8,지번서울 도봉구 도봉동 352번지 3호,02-956-0330,http://adpanchok.co.kr
고려기프트(주),판촉물제작,서울 도봉구 도봉로191가길 8,지번서울 도봉구 도봉동 352번지 3호,02-956-3888,http://adpanchok.co.kr
코비즈,판촉물제작,서울 서초구 서초대로 17,지번서울 서초구 방배4동 866번지 20호,070-7604-5757,http://www.icobiz.co.kr
(주)하나원비즈마켓,판촉물제작,서울 노원구 동일로242길 17,지번서울 노원구 상계동 1120번지 1호,02-938-4751,https://www.hanaonebiz.com
(주)레드포인트,판촉물제작,서울 강남구 강남대로158길 17,지번서울 강남구 신사동 508번지 8호,02-547-2406,https://www.e-redpoint.com
이수그래픽,판촉물제작,서울 강남구 강남대로160길 24,지번서울 강남구 신사동 519번지 2호,02-540-2884,https://isu1923.modoo.at
애드코,판촉물제작,서울 성북구 화랑로 259,지번서울 성북구 장위2동 63번지 101호,02-909-5577,https://adko.co.kr
(주)AMPM커뮤니케이션,판촉물제작,서울 강남구 강남대로136길 22,지번서울 강남구 논현동 47번지 7호,02-515-2431,http://www.ampm24.co.kr
하나애드,판촉물제작,서울 강남구 도산대로30길 29-14,지번서울 강남구 논현동 73번지 22호,02-545-8857,http://www.hanaad.com
,,,,,
,,,,,
,,,,,
,,,,,
,,,,,
,,,,,
,,,,,
,,,,,
,,,,,
,,,,,
,,,,,
,,,,,
,,,,,
,,,,,
,,,,,
,,,,,
,,,,,
,,,,,
,,,,,
,,,,,
,,,,,
,,,,,
,,,,,
,,,,,
,,,,,
,,,,,
,,,,,
,,,,,
,,,,,
